Classifier,BestParams,Accuracy,F1_Micro,F1_Macro,F1_Weighted,FineTuningTime,EmbeddingModel,EmbeddingTime,TotalTime
LogisticRegression,"{'C': 10, 'class_weight': None, 'dual': False, 'fit_intercept': True, 'intercept_scaling': 1, 'l1_ratio': None, 'max_iter': 400, 'multi_class': 'auto', 'n_jobs': -1, 'penalty': 'l2', 'random_state': None, 'solver': 'saga', 'tol': 0.0001, 'verbose': 0, 'warm_start': False}",0.8745461879790238,0.8745461879790238,0.6751853444090582,0.8667363900180057,608.2679145336151,google-bert/bert-base-uncased,109.76538467407227,718.0332992076874
KNN,"{'algorithm': 'auto', 'leaf_size': 30, 'metric': 'minkowski', 'metric_params': None, 'n_jobs': -1, 'n_neighbors': 7, 'p': 2, 'weights': 'uniform'}",0.8394513916901977,0.8394513916901977,0.5437944364435686,0.8088611441390787,33.44432282447815,google-bert/bert-base-uncased,109.76538467407227,143.20970749855042
SVM,"{'C': 10, 'break_ties': False, 'cache_size': 1800, 'class_weight': None, 'coef0': 0.0, 'decision_function_shape': 'ovr', 'degree': 3, 'gamma': 'scale', 'kernel': 'rbf', 'max_iter': -1, 'probability': False, 'random_state': None, 'shrinking': True, 'tol': 0.001, 'verbose': False}",0.881807180314643,0.881807180314643,0.6556409812095539,0.8699931662980066,527.0921857357025,google-bert/bert-base-uncased,109.76538467407227,636.8575704097748
MLP,"{'activation': 'relu', 'alpha': 0.001, 'batch_size': 'auto', 'beta_1': 0.9, 'beta_2': 0.999, 'early_stopping': False, 'epsilon': 1e-08, 'hidden_layer_sizes': (200, 150, 100, 50), 'learning_rate': 'constant', 'learning_rate_init': 0.001, 'max_fun': 15000, 'max_iter': 200, 'momentum': 0.9, 'n_iter_no_change': 10, 'nesterovs_momentum': True, 'power_t': 0.5, 'random_state': None, 'shuffle': True, 'solver': 'adam', 'tol': 0.0001, 'validation_fraction': 0.1, 'verbose': False, 'warm_start': False}",0.8656716417910447,0.8656716417910447,0.6691085448101034,0.8621159026660327,273.74144434928894,google-bert/bert-base-uncased,109.76538467407227,383.5068290233612
XGBoost,"{'objective': 'multi:softprob', 'base_score': None, 'booster': None, 'callbacks': None, 'colsample_bylevel': None, 'colsample_bynode': None, 'colsample_bytree': None, 'device': 'cuda', 'early_stopping_rounds': None, 'enable_categorical': False, 'eval_metric': 'logloss', 'feature_types': None, 'gamma': None, 'grow_policy': None, 'importance_type': None, 'interaction_constraints': None, 'learning_rate': 0.25, 'max_bin': None, 'max_cat_threshold': None, 'max_cat_to_onehot': None, 'max_delta_step': None, 'max_depth': 5, 'max_leaves': None, 'min_child_weight': None, 'missing': nan, 'monotone_constraints': None, 'multi_strategy': None, 'n_estimators': 100, 'n_jobs': None, 'num_parallel_tree': None, 'random_state': None, 'reg_alpha': None, 'reg_lambda': None, 'sampling_method': 'gradient_based', 'scale_pos_weight': None, 'subsample': 0.33, 'tree_method': None, 'validate_parameters': None, 'verbosity': None}",0.8668818071803146,0.8668818071803146,0.6202825970468074,0.8503764475475084,25.514782190322876,google-bert/bert-base-uncased,109.76538467407227,135.28016686439514
LogisticRegression,"{'C': 1, 'class_weight': None, 'dual': False, 'fit_intercept': True, 'intercept_scaling': 1, 'l1_ratio': None, 'max_iter': 400, 'multi_class': 'auto', 'n_jobs': -1, 'penalty': 'l2', 'random_state': None, 'solver': 'saga', 'tol': 0.0001, 'verbose': 0, 'warm_start': False}",0.8693021379588544,0.8693021379588544,0.6687204813516879,0.8614617417979519,825.8301939964294,google-bert/bert-large-uncased,340.5466344356537,1166.3768284320831
KNN,"{'algorithm': 'auto', 'leaf_size': 30, 'metric': 'minkowski', 'metric_params': None, 'n_jobs': -1, 'n_neighbors': 9, 'p': 2, 'weights': 'uniform'}",0.8382412263009278,0.8382412263009278,0.5319626857355825,0.806476271669958,44.13540959358215,google-bert/bert-large-uncased,340.5466344356537,384.68204402923584
SVM,"{'C': 10, 'break_ties': False, 'cache_size': 1800, 'class_weight': None, 'coef0': 0.0, 'decision_function_shape': 'ovr', 'degree': 3, 'gamma': 'scale', 'kernel': 'rbf', 'max_iter': -1, 'probability': False, 'random_state': None, 'shrinking': True, 'tol': 0.001, 'verbose': False}",0.8801936264622832,0.8801936264622832,0.6457412699570793,0.8654747318552138,718.7573506832123,google-bert/bert-large-uncased,340.5466344356537,1059.303985118866
MLP,"{'activation': 'relu', 'alpha': 0.0001, 'batch_size': 'auto', 'beta_1': 0.9, 'beta_2': 0.999, 'early_stopping': False, 'epsilon': 1e-08, 'hidden_layer_sizes': (400, 200, 100, 50), 'learning_rate': 'constant', 'learning_rate_init': 0.001, 'max_fun': 15000, 'max_iter': 200, 'momentum': 0.9, 'n_iter_no_change': 10, 'nesterovs_momentum': True, 'power_t': 0.5, 'random_state': None, 'shuffle': True, 'solver': 'adam', 'tol': 0.0001, 'validation_fraction': 0.1, 'verbose': False, 'warm_start': False}",0.8656716417910447,0.8656716417910447,0.6209611775320996,0.8540939074787652,434.80337929725647,google-bert/bert-large-uncased,340.5466344356537,775.3500137329102
XGBoost,"{'objective': 'multi:softprob', 'base_score': None, 'booster': None, 'callbacks': None, 'colsample_bylevel': None, 'colsample_bynode': None, 'colsample_bytree': None, 'device': 'cuda', 'early_stopping_rounds': None, 'enable_categorical': False, 'eval_metric': 'logloss', 'feature_types': None, 'gamma': None, 'grow_policy': None, 'importance_type': None, 'interaction_constraints': None, 'learning_rate': 0.25, 'max_bin': None, 'max_cat_threshold': None, 'max_cat_to_onehot': None, 'max_delta_step': None, 'max_depth': 10, 'max_leaves': None, 'min_child_weight': None, 'missing': nan, 'monotone_constraints': None, 'multi_strategy': None, 'n_estimators': 150, 'n_jobs': None, 'num_parallel_tree': None, 'random_state': None, 'reg_alpha': None, 'reg_lambda': None, 'sampling_method': 'gradient_based', 'scale_pos_weight': None, 'subsample': 0.33, 'tree_method': None, 'validate_parameters': None, 'verbosity': None}",0.8648648648648649,0.8648648648648649,0.5841588623931084,0.8417277317762598,31.246731281280518,google-bert/bert-large-uncased,340.5466344356537,371.7933657169342
LogisticRegression,"{'C': 10, 'class_weight': None, 'dual': False, 'fit_intercept': True, 'intercept_scaling': 1, 'l1_ratio': None, 'max_iter': 400, 'multi_class': 'auto', 'n_jobs': -1, 'penalty': 'l2', 'random_state': None, 'solver': 'saga', 'tol': 0.0001, 'verbose': 0, 'warm_start': False}",0.8749495764421138,0.8749495764421138,0.6612845565900144,0.865566751956169,619.9001696109772,FacebookAI/roberta-base,100.92658042907715,720.8267500400543
KNN,"{'algorithm': 'auto', 'leaf_size': 30, 'metric': 'minkowski', 'metric_params': None, 'n_jobs': -1, 'n_neighbors': 7, 'p': 1, 'weights': 'uniform'}",0.836627672448568,0.836627672448568,0.5311466212136212,0.8054574986212024,47.78704380989075,FacebookAI/roberta-base,100.92658042907715,148.7136242389679
SVM,"{'C': 100, 'break_ties': False, 'cache_size': 1800, 'class_weight': None, 'coef0': 0.0, 'decision_function_shape': 'ovr', 'degree': 3, 'gamma': 'scale', 'kernel': 'rbf', 'max_iter': -1, 'probability': False, 'random_state': None, 'shrinking': True, 'tol': 0.001, 'verbose': False}",0.8757563533682937,0.8757563533682937,0.6226079363406111,0.8596544505163155,491.6277904510498,FacebookAI/roberta-base,100.92658042907715,592.554370880127
MLP,"{'activation': 'relu', 'alpha': 0.001, 'batch_size': 'auto', 'beta_1': 0.9, 'beta_2': 0.999, 'early_stopping': False, 'epsilon': 1e-08, 'hidden_layer_sizes': (200, 150, 100, 50), 'learning_rate': 'constant', 'learning_rate_init': 0.001, 'max_fun': 15000, 'max_iter': 200, 'momentum': 0.9, 'n_iter_no_change': 10, 'nesterovs_momentum': True, 'power_t': 0.5, 'random_state': None, 'shuffle': True, 'solver': 'adam', 'tol': 0.0001, 'validation_fraction': 0.1, 'verbose': False, 'warm_start': False}",0.8491327148043566,0.8491327148043566,0.6522389752131926,0.8498139792184803,519.803789138794,FacebookAI/roberta-base,100.92658042907715,620.7303695678711
XGBoost,"{'objective': 'multi:softprob', 'base_score': None, 'booster': None, 'callbacks': None, 'colsample_bylevel': None, 'colsample_bynode': None, 'colsample_bytree': None, 'device': 'cuda', 'early_stopping_rounds': None, 'enable_categorical': False, 'eval_metric': 'logloss', 'feature_types': None, 'gamma': None, 'grow_policy': None, 'importance_type': None, 'interaction_constraints': None, 'learning_rate': 0.25, 'max_bin': None, 'max_cat_threshold': None, 'max_cat_to_onehot': None, 'max_delta_step': None, 'max_depth': 5, 'max_leaves': None, 'min_child_weight': None, 'missing': nan, 'monotone_constraints': None, 'multi_strategy': None, 'n_estimators': 150, 'n_jobs': None, 'num_parallel_tree': None, 'random_state': None, 'reg_alpha': None, 'reg_lambda': None, 'sampling_method': 'gradient_based', 'scale_pos_weight': None, 'subsample': 0.33, 'tree_method': None, 'validate_parameters': None, 'verbosity': None}",0.864461476401775,0.864461476401775,0.6223544508957103,0.8476570772513843,25.3611056804657,FacebookAI/roberta-base,100.92658042907715,126.28768610954285
LogisticRegression,"{'C': 1, 'class_weight': None, 'dual': False, 'fit_intercept': True, 'intercept_scaling': 1, 'l1_ratio': None, 'max_iter': 400, 'multi_class': 'auto', 'n_jobs': -1, 'penalty': 'l2', 'random_state': None, 'solver': 'saga', 'tol': 0.0001, 'verbose': 0, 'warm_start': False}",0.890278338039532,0.890278338039532,0.696640580627044,0.8813626489308374,711.4765660762787,FacebookAI/roberta-large,318.8069157600403,1030.283481836319
KNN,"{'algorithm': 'auto', 'leaf_size': 30, 'metric': 'minkowski', 'metric_params': None, 'n_jobs': -1, 'n_neighbors': 9, 'p': 2, 'weights': 'uniform'}",0.836627672448568,0.836627672448568,0.5429741941624213,0.805038196770109,44.33122706413269,FacebookAI/roberta-large,318.8069157600403,363.138142824173
SVM,"{'C': 100, 'break_ties': False, 'cache_size': 1800, 'class_weight': None, 'coef0': 0.0, 'decision_function_shape': 'ovr', 'degree': 3, 'gamma': 'scale', 'kernel': 'rbf', 'max_iter': -1, 'probability': False, 'random_state': None, 'shrinking': True, 'tol': 0.001, 'verbose': False}",0.890681726502622,0.890681726502622,0.61864281535116,0.8708308797057024,671.4438498020172,FacebookAI/roberta-large,318.8069157600403,990.2507655620575
MLP,"{'activation': 'relu', 'alpha': 0.001, 'batch_size': 'auto', 'beta_1': 0.9, 'beta_2': 0.999, 'early_stopping': False, 'epsilon': 1e-08, 'hidden_layer_sizes': (200, 150, 100, 50), 'learning_rate': 'constant', 'learning_rate_init': 0.001, 'max_fun': 15000, 'max_iter': 200, 'momentum': 0.9, 'n_iter_no_change': 10, 'nesterovs_momentum': True, 'power_t': 0.5, 'random_state': None, 'shuffle': True, 'solver': 'adam', 'tol': 0.0001, 'validation_fraction': 0.1, 'verbose': False, 'warm_start': False}",0.8781766841468334,0.8781766841468334,0.6518463355046685,0.8687068261955465,822.8907430171967,FacebookAI/roberta-large,318.8069157600403,1141.697658777237
XGBoost,"{'objective': 'multi:softprob', 'base_score': None, 'booster': None, 'callbacks': None, 'colsample_bylevel': None, 'colsample_bynode': None, 'colsample_bytree': None, 'device': 'cuda', 'early_stopping_rounds': None, 'enable_categorical': False, 'eval_metric': 'logloss', 'feature_types': None, 'gamma': None, 'grow_policy': None, 'importance_type': None, 'interaction_constraints': None, 'learning_rate': 0.25, 'max_bin': None, 'max_cat_threshold': None, 'max_cat_to_onehot': None, 'max_delta_step': None, 'max_depth': 5, 'max_leaves': None, 'min_child_weight': None, 'missing': nan, 'monotone_constraints': None, 'multi_strategy': None, 'n_estimators': 150, 'n_jobs': None, 'num_parallel_tree': None, 'random_state': None, 'reg_alpha': None, 'reg_lambda': None, 'sampling_method': 'gradient_based', 'scale_pos_weight': None, 'subsample': 0.33, 'tree_method': None, 'validate_parameters': None, 'verbosity': None}",0.8697055264219443,0.8697055264219443,0.63203330875046,0.8540577220905946,30.57608985900879,FacebookAI/roberta-large,318.8069157600403,349.3830056190491
LogisticRegression,"{'C': 0.1, 'class_weight': None, 'dual': False, 'fit_intercept': True, 'intercept_scaling': 1, 'l1_ratio': None, 'max_iter': 400, 'multi_class': 'auto', 'n_jobs': -1, 'penalty': 'l2', 'random_state': None, 'solver': 'saga', 'tol': 0.0001, 'verbose': 0, 'warm_start': False}",0.8793868495361032,0.8793868495361032,0.6705244392248256,0.8692381175245616,529.4160249233246,answerdotai/ModernBERT-base,175.17265605926514,704.5886809825897
KNN,"{'algorithm': 'auto', 'leaf_size': 30, 'metric': 'minkowski', 'metric_params': None, 'n_jobs': -1, 'n_neighbors': 9, 'p': 1, 'weights': 'uniform'}",0.8309802339653086,0.8309802339653086,0.5038462311959879,0.7948236942919814,47.56447649002075,answerdotai/ModernBERT-base,175.17265605926514,222.7371325492859
SVM,"{'C': 10, 'break_ties': False, 'cache_size': 1800, 'class_weight': None, 'coef0': 0.0, 'decision_function_shape': 'ovr', 'degree': 3, 'gamma': 'scale', 'kernel': 'rbf', 'max_iter': -1, 'probability': False, 'random_state': None, 'shrinking': True, 'tol': 0.001, 'verbose': False}",0.8781766841468334,0.8781766841468334,0.5860488227247641,0.8565757395720102,521.273549079895,answerdotai/ModernBERT-base,175.17265605926514,696.4462051391602
MLP,"{'activation': 'relu', 'alpha': 0.001, 'batch_size': 'auto', 'beta_1': 0.9, 'beta_2': 0.999, 'early_stopping': False, 'epsilon': 1e-08, 'hidden_layer_sizes': (200, 150, 100, 50), 'learning_rate': 'constant', 'learning_rate_init': 0.001, 'max_fun': 15000, 'max_iter': 200, 'momentum': 0.9, 'n_iter_no_change': 10, 'nesterovs_momentum': True, 'power_t': 0.5, 'random_state': None, 'shuffle': True, 'solver': 'adam', 'tol': 0.0001, 'validation_fraction': 0.1, 'verbose': False, 'warm_start': False}",0.8648648648648649,0.8648648648648649,0.646741810091306,0.8556862549911861,389.57686281204224,answerdotai/ModernBERT-base,175.17265605926514,564.7495188713074
XGBoost,"{'objective': 'multi:softprob', 'base_score': None, 'booster': None, 'callbacks': None, 'colsample_bylevel': None, 'colsample_bynode': None, 'colsample_bytree': None, 'device': 'cuda', 'early_stopping_rounds': None, 'enable_categorical': False, 'eval_metric': 'logloss', 'feature_types': None, 'gamma': None, 'grow_policy': None, 'importance_type': None, 'interaction_constraints': None, 'learning_rate': 0.5, 'max_bin': None, 'max_cat_threshold': None, 'max_cat_to_onehot': None, 'max_delta_step': None, 'max_depth': 5, 'max_leaves': None, 'min_child_weight': None, 'missing': nan, 'monotone_constraints': None, 'multi_strategy': None, 'n_estimators': 150, 'n_jobs': None, 'num_parallel_tree': None, 'random_state': None, 'reg_alpha': None, 'reg_lambda': None, 'sampling_method': 'gradient_based', 'scale_pos_weight': None, 'subsample': 0.33, 'tree_method': None, 'validate_parameters': None, 'verbosity': None}",0.8628479225494151,0.8628479225494151,0.6125074621249053,0.846224222568372,25.23486328125,answerdotai/ModernBERT-base,175.17265605926514,200.40751934051514
LogisticRegression,"{'C': 0.1, 'class_weight': None, 'dual': False, 'fit_intercept': True, 'intercept_scaling': 1, 'l1_ratio': None, 'max_iter': 400, 'multi_class': 'auto', 'n_jobs': -1, 'penalty': 'l2', 'random_state': None, 'solver': 'saga', 'tol': 0.0001, 'verbose': 0, 'warm_start': False}",0.8741427995159339,0.8741427995159339,0.6598380114777259,0.863254901124566,662.7417140007019,answerdotai/ModernBERT-large,394.65612506866455,1057.3978390693665
KNN,"{'algorithm': 'auto', 'leaf_size': 30, 'metric': 'minkowski', 'metric_params': None, 'n_jobs': -1, 'n_neighbors': 9, 'p': 1, 'weights': 'distance'}",0.8346107301331182,0.8346107301331182,0.5246984971587412,0.8002617758169902,53.52958273887634,answerdotai/ModernBERT-large,394.65612506866455,448.1857078075409
SVM,"{'C': 10, 'break_ties': False, 'cache_size': 1800, 'class_weight': None, 'coef0': 0.0, 'decision_function_shape': 'ovr', 'degree': 3, 'gamma': 'scale', 'kernel': 'rbf', 'max_iter': -1, 'probability': False, 'random_state': None, 'shrinking': True, 'tol': 0.001, 'verbose': False}",0.8757563533682937,0.8757563533682937,0.5951628974978395,0.8553117738800747,695.024514913559,answerdotai/ModernBERT-large,394.65612506866455,1089.6806399822235
MLP,"{'activation': 'relu', 'alpha': 0.0001, 'batch_size': 'auto', 'beta_1': 0.9, 'beta_2': 0.999, 'early_stopping': False, 'epsilon': 1e-08, 'hidden_layer_sizes': (200, 150, 100, 50), 'learning_rate': 'constant', 'learning_rate_init': 0.001, 'max_fun': 15000, 'max_iter': 200, 'momentum': 0.9, 'n_iter_no_change': 10, 'nesterovs_momentum': True, 'power_t': 0.5, 'random_state': None, 'shuffle': True, 'solver': 'adam', 'tol': 0.0001, 'validation_fraction': 0.1, 'verbose': False, 'warm_start': False}",0.8624445340863252,0.8624445340863252,0.647132047069981,0.8549709063109769,319.84243083000183,answerdotai/ModernBERT-large,394.65612506866455,714.4985558986664
XGBoost,"{'objective': 'multi:softprob', 'base_score': None, 'booster': None, 'callbacks': None, 'colsample_bylevel': None, 'colsample_bynode': None, 'colsample_bytree': None, 'device': 'cuda', 'early_stopping_rounds': None, 'enable_categorical': False, 'eval_metric': 'logloss', 'feature_types': None, 'gamma': None, 'grow_policy': None, 'importance_type': None, 'interaction_constraints': None, 'learning_rate': 0.25, 'max_bin': None, 'max_cat_threshold': None, 'max_cat_to_onehot': None, 'max_delta_step': None, 'max_depth': 5, 'max_leaves': None, 'min_child_weight': None, 'missing': nan, 'monotone_constraints': None, 'multi_strategy': None, 'n_estimators': 150, 'n_jobs': None, 'num_parallel_tree': None, 'random_state': None, 'reg_alpha': None, 'reg_lambda': None, 'sampling_method': 'gradient_based', 'scale_pos_weight': None, 'subsample': 0.33, 'tree_method': None, 'validate_parameters': None, 'verbosity': None}",0.8608309802339653,0.8608309802339653,0.5994271784006772,0.8419535705902378,31.931580066680908,answerdotai/ModernBERT-large,394.65612506866455,426.58770513534546
LogisticRegression,"{'C': 0.1, 'class_weight': None, 'dual': False, 'fit_intercept': True, 'intercept_scaling': 1, 'l1_ratio': None, 'max_iter': 400, 'multi_class': 'auto', 'n_jobs': -1, 'penalty': 'l2', 'random_state': None, 'solver': 'saga', 'tol': 0.0001, 'verbose': 0, 'warm_start': False}",0.8801936264622832,0.8801936264622832,0.6776833175416442,0.8721880925210166,311.34543895721436,ibm-granite/granite-embedding-30m-english,26.075440168380737,337.4208791255951
KNN,"{'algorithm': 'auto', 'leaf_size': 30, 'metric': 'minkowski', 'metric_params': None, 'n_jobs': -1, 'n_neighbors': 5, 'p': 1, 'weights': 'distance'}",0.8471157724889068,0.8471157724889068,0.6071586361268227,0.8304611029133624,19.863911390304565,ibm-granite/granite-embedding-30m-english,26.075440168380737,45.9393515586853
SVM,"{'C': 1, 'break_ties': False, 'cache_size': 1800, 'class_weight': None, 'coef0': 0.0, 'decision_function_shape': 'ovr', 'degree': 3, 'gamma': 'scale', 'kernel': 'rbf', 'max_iter': -1, 'probability': False, 'random_state': None, 'shrinking': True, 'tol': 0.001, 'verbose': False}",0.8850342880193627,0.8850342880193627,0.5951391849836897,0.8633432284463864,308.3813202381134,ibm-granite/granite-embedding-30m-english,26.075440168380737,334.45676040649414
MLP,"{'activation': 'relu', 'alpha': 0.0001, 'batch_size': 'auto', 'beta_1': 0.9, 'beta_2': 0.999, 'early_stopping': False, 'epsilon': 1e-08, 'hidden_layer_sizes': (400, 200, 100, 50), 'learning_rate': 'constant', 'learning_rate_init': 0.001, 'max_fun': 15000, 'max_iter': 200, 'momentum': 0.9, 'n_iter_no_change': 10, 'nesterovs_momentum': True, 'power_t': 0.5, 'random_state': None, 'shuffle': True, 'solver': 'adam', 'tol': 0.0001, 'validation_fraction': 0.1, 'verbose': False, 'warm_start': False}",0.864461476401775,0.864461476401775,0.6706732044303134,0.8622812803912583,99.39811444282532,ibm-granite/granite-embedding-30m-english,26.075440168380737,125.47355461120605
XGBoost,"{'objective': 'multi:softprob', 'base_score': None, 'booster': None, 'callbacks': None, 'colsample_bylevel': None, 'colsample_bynode': None, 'colsample_bytree': None, 'device': 'cuda', 'early_stopping_rounds': None, 'enable_categorical': False, 'eval_metric': 'logloss', 'feature_types': None, 'gamma': None, 'grow_policy': None, 'importance_type': None, 'interaction_constraints': None, 'learning_rate': 0.25, 'max_bin': None, 'max_cat_threshold': None, 'max_cat_to_onehot': None, 'max_delta_step': None, 'max_depth': 10, 'max_leaves': None, 'min_child_weight': None, 'missing': nan, 'monotone_constraints': None, 'multi_strategy': None, 'n_estimators': 150, 'n_jobs': None, 'num_parallel_tree': None, 'random_state': None, 'reg_alpha': None, 'reg_lambda': None, 'sampling_method': 'gradient_based', 'scale_pos_weight': None, 'subsample': 0.33, 'tree_method': None, 'validate_parameters': None, 'verbosity': None}",0.8664784187172246,0.8664784187172246,0.5853571558684223,0.8447634420877512,16.765424966812134,ibm-granite/granite-embedding-30m-english,26.075440168380737,42.84086513519287
LogisticRegression,"{'C': 0.1, 'class_weight': None, 'dual': False, 'fit_intercept': True, 'intercept_scaling': 1, 'l1_ratio': None, 'max_iter': 400, 'multi_class': 'auto', 'n_jobs': -1, 'penalty': 'l2', 'random_state': None, 'solver': 'saga', 'tol': 0.0001, 'verbose': 0, 'warm_start': False}",0.8850342880193627,0.8850342880193627,0.6762369721008499,0.874425854658779,523.2264904975891,ibm-granite/granite-embedding-125m-english,98.75322818756104,621.9797186851501
KNN,"{'algorithm': 'auto', 'leaf_size': 30, 'metric': 'minkowski', 'metric_params': None, 'n_jobs': -1, 'n_neighbors': 7, 'p': 1, 'weights': 'uniform'}",0.8620411456232352,0.8620411456232352,0.6186710783682404,0.8471073620699359,48.189878702163696,ibm-granite/granite-embedding-125m-english,98.75322818756104,146.94310688972473
SVM,"{'C': 10, 'break_ties': False, 'cache_size': 1800, 'class_weight': None, 'coef0': 0.0, 'decision_function_shape': 'ovr', 'degree': 3, 'gamma': 'scale', 'kernel': 'rbf', 'max_iter': -1, 'probability': False, 'random_state': None, 'shrinking': True, 'tol': 0.001, 'verbose': False}",0.8943122226704316,0.8943122226704316,0.6696878823762241,0.8811517172558171,511.49814558029175,ibm-granite/granite-embedding-125m-english,98.75322818756104,610.2513737678528
MLP,"{'activation': 'relu', 'alpha': 0.0001, 'batch_size': 'auto', 'beta_1': 0.9, 'beta_2': 0.999, 'early_stopping': False, 'epsilon': 1e-08, 'hidden_layer_sizes': (200, 150, 100, 50), 'learning_rate': 'constant', 'learning_rate_init': 0.001, 'max_fun': 15000, 'max_iter': 200, 'momentum': 0.9, 'n_iter_no_change': 10, 'nesterovs_momentum': True, 'power_t': 0.5, 'random_state': None, 'shuffle': True, 'solver': 'adam', 'tol': 0.0001, 'validation_fraction': 0.1, 'verbose': False, 'warm_start': False}",0.872932634126664,0.872932634126664,0.698788542123096,0.8740905264078216,364.8964755535126,ibm-granite/granite-embedding-125m-english,98.75322818756104,463.6497037410736
XGBoost,"{'objective': 'multi:softprob', 'base_score': None, 'booster': None, 'callbacks': None, 'colsample_bylevel': None, 'colsample_bynode': None, 'colsample_bytree': None, 'device': 'cuda', 'early_stopping_rounds': None, 'enable_categorical': False, 'eval_metric': 'logloss', 'feature_types': None, 'gamma': None, 'grow_policy': None, 'importance_type': None, 'interaction_constraints': None, 'learning_rate': 0.25, 'max_bin': None, 'max_cat_threshold': None, 'max_cat_to_onehot': None, 'max_delta_step': None, 'max_depth': 5, 'max_leaves': None, 'min_child_weight': None, 'missing': nan, 'monotone_constraints': None, 'multi_strategy': None, 'n_estimators': 150, 'n_jobs': None, 'num_parallel_tree': None, 'random_state': None, 'reg_alpha': None, 'reg_lambda': None, 'sampling_method': 'gradient_based', 'scale_pos_weight': None, 'subsample': 0.33, 'tree_method': None, 'validate_parameters': None, 'verbosity': None}",0.8761597418313837,0.8761597418313837,0.6164659899073864,0.8583859933657083,24.492791652679443,ibm-granite/granite-embedding-125m-english,98.75322818756104,123.24601984024048
LogisticRegression,"{'C': 0.1, 'class_weight': None, 'dual': False, 'fit_intercept': True, 'intercept_scaling': 1, 'l1_ratio': None, 'max_iter': 400, 'multi_class': 'auto', 'n_jobs': -1, 'penalty': 'l2', 'random_state': None, 'solver': 'saga', 'tol': 0.0001, 'verbose': 0, 'warm_start': False}",0.8438886647841872,0.8438886647841872,0.552625783670893,0.8177747583863959,309.21432089805603,microsoft/deberta-v3-xsmall,66.46847105026245,375.6827919483185
KNN,"{'algorithm': 'auto', 'leaf_size': 30, 'metric': 'minkowski', 'metric_params': None, 'n_jobs': -1, 'n_neighbors': 7, 'p': 1, 'weights': 'distance'}",0.8055667607906414,0.8055667607906414,0.44310971475222294,0.7603616637533582,19.256484031677246,microsoft/deberta-v3-xsmall,66.46847105026245,85.7249550819397
SVM,"{'C': 100, 'break_ties': False, 'cache_size': 1800, 'class_weight': None, 'coef0': 0.0, 'decision_function_shape': 'ovr', 'degree': 3, 'gamma': 'scale', 'kernel': 'rbf', 'max_iter': -1, 'probability': False, 'random_state': None, 'shrinking': True, 'tol': 0.001, 'verbose': False}",0.8386446147640177,0.8386446147640177,0.5708455506370741,0.820199195308561,359.4271595478058,microsoft/deberta-v3-xsmall,66.46847105026245,425.89563059806824
MLP,"{'activation': 'relu', 'alpha': 0.001, 'batch_size': 'auto', 'beta_1': 0.9, 'beta_2': 0.999, 'early_stopping': False, 'epsilon': 1e-08, 'hidden_layer_sizes': (200, 150, 100, 50), 'learning_rate': 'constant', 'learning_rate_init': 0.001, 'max_fun': 15000, 'max_iter': 200, 'momentum': 0.9, 'n_iter_no_change': 10, 'nesterovs_momentum': True, 'power_t': 0.5, 'random_state': None, 'shuffle': True, 'solver': 'adam', 'tol': 0.0001, 'validation_fraction': 0.1, 'verbose': False, 'warm_start': False}",0.8015328761597418,0.8015328761597418,0.5507576489033116,0.7920828704406097,334.2308917045593,microsoft/deberta-v3-xsmall,66.46847105026245,400.6993627548218
XGBoost,"{'objective': 'multi:softprob', 'base_score': None, 'booster': None, 'callbacks': None, 'colsample_bylevel': None, 'colsample_bynode': None, 'colsample_bytree': None, 'device': 'cuda', 'early_stopping_rounds': None, 'enable_categorical': False, 'eval_metric': 'logloss', 'feature_types': None, 'gamma': None, 'grow_policy': None, 'importance_type': None, 'interaction_constraints': None, 'learning_rate': 0.25, 'max_bin': None, 'max_cat_threshold': None, 'max_cat_to_onehot': None, 'max_delta_step': None, 'max_depth': 10, 'max_leaves': None, 'min_child_weight': None, 'missing': nan, 'monotone_constraints': None, 'multi_strategy': None, 'n_estimators': 150, 'n_jobs': None, 'num_parallel_tree': None, 'random_state': None, 'reg_alpha': None, 'reg_lambda': None, 'sampling_method': 'gradient_based', 'scale_pos_weight': None, 'subsample': 0.33, 'tree_method': None, 'validate_parameters': None, 'verbosity': None}",0.8321903993545785,0.8321903993545785,0.4891219781429048,0.7963341561568933,18.037610054016113,microsoft/deberta-v3-xsmall,66.46847105026245,84.50608110427856
LogisticRegression,"{'C': 10, 'class_weight': None, 'dual': False, 'fit_intercept': True, 'intercept_scaling': 1, 'l1_ratio': None, 'max_iter': 400, 'multi_class': 'auto', 'n_jobs': -1, 'penalty': 'l2', 'random_state': None, 'solver': 'saga', 'tol': 0.0001, 'verbose': 0, 'warm_start': False}",0.8567970956030657,0.8567970956030657,0.6315676107332034,0.8456514844254502,627.4407780170441,microsoft/deberta-v3-small,85.08815383911133,712.5289318561554
KNN,"{'algorithm': 'auto', 'leaf_size': 30, 'metric': 'minkowski', 'metric_params': None, 'n_jobs': -1, 'n_neighbors': 9, 'p': 1, 'weights': 'uniform'}",0.8168616377571601,0.8168616377571601,0.46551453161750533,0.7746629648635539,47.70789122581482,microsoft/deberta-v3-small,85.08815383911133,132.79604506492615
SVM,"{'C': 10, 'break_ties': False, 'cache_size': 1800, 'class_weight': None, 'coef0': 0.0, 'decision_function_shape': 'ovr', 'degree': 3, 'gamma': 'scale', 'kernel': 'rbf', 'max_iter': -1, 'probability': False, 'random_state': None, 'shrinking': True, 'tol': 0.001, 'verbose': False}",0.8539733763614361,0.8539733763614361,0.533916093572283,0.8272177147565883,632.4224071502686,microsoft/deberta-v3-small,85.08815383911133,717.5105609893799
MLP,"{'activation': 'relu', 'alpha': 0.0001, 'batch_size': 'auto', 'beta_1': 0.9, 'beta_2': 0.999, 'early_stopping': False, 'epsilon': 1e-08, 'hidden_layer_sizes': (200, 150, 100, 50), 'learning_rate': 'constant', 'learning_rate_init': 0.001, 'max_fun': 15000, 'max_iter': 200, 'momentum': 0.9, 'n_iter_no_change': 10, 'nesterovs_momentum': True, 'power_t': 0.5, 'random_state': None, 'shuffle': True, 'solver': 'adam', 'tol': 0.0001, 'validation_fraction': 0.1, 'verbose': False, 'warm_start': False}",0.8426784993949173,0.8426784993949173,0.5902271822414468,0.831446128564047,398.6023151874542,microsoft/deberta-v3-small,85.08815383911133,483.69046902656555
XGBoost,"{'objective': 'multi:softprob', 'base_score': None, 'booster': None, 'callbacks': None, 'colsample_bylevel': None, 'colsample_bynode': None, 'colsample_bytree': None, 'device': 'cuda', 'early_stopping_rounds': None, 'enable_categorical': False, 'eval_metric': 'logloss', 'feature_types': None, 'gamma': None, 'grow_policy': None, 'importance_type': None, 'interaction_constraints': None, 'learning_rate': 0.25, 'max_bin': None, 'max_cat_threshold': None, 'max_cat_to_onehot': None, 'max_delta_step': None, 'max_depth': 5, 'max_leaves': None, 'min_child_weight': None, 'missing': nan, 'monotone_constraints': None, 'multi_strategy': None, 'n_estimators': 150, 'n_jobs': None, 'num_parallel_tree': None, 'random_state': None, 'reg_alpha': None, 'reg_lambda': None, 'sampling_method': 'gradient_based', 'scale_pos_weight': None, 'subsample': 0.33, 'tree_method': None, 'validate_parameters': None, 'verbosity': None}",0.8422751109318274,0.8422751109318274,0.5243896086490584,0.813970670263083,25.93326711654663,microsoft/deberta-v3-small,85.08815383911133,111.02142095565796
LogisticRegression,"{'C': 0.1, 'class_weight': None, 'dual': False, 'fit_intercept': True, 'intercept_scaling': 1, 'l1_ratio': None, 'max_iter': 400, 'multi_class': 'auto', 'n_jobs': -1, 'penalty': 'l2', 'random_state': None, 'solver': 'saga', 'tol': 0.0001, 'verbose': 0, 'warm_start': False}",0.8785800726099233,0.8785800726099233,0.6515291524111219,0.8641874645779027,618.1780738830566,microsoft/deberta-v3-base,148.97243452072144,767.1505084037781
KNN,"{'algorithm': 'auto', 'leaf_size': 30, 'metric': 'minkowski', 'metric_params': None, 'n_jobs': -1, 'n_neighbors': 9, 'p': 1, 'weights': 'distance'}",0.8196853569987899,0.8196853569987899,0.46283859115465836,0.7754748296570135,39.57009410858154,microsoft/deberta-v3-base,148.97243452072144,188.54252862930298
SVM,"{'C': 10, 'break_ties': False, 'cache_size': 1800, 'class_weight': None, 'coef0': 0.0, 'decision_function_shape': 'ovr', 'degree': 3, 'gamma': 'scale', 'kernel': 'rbf', 'max_iter': -1, 'probability': False, 'random_state': None, 'shrinking': True, 'tol': 0.001, 'verbose': False}",0.8672851956434046,0.8672851956434046,0.5499119001674945,0.8399933227760643,577.3546605110168,microsoft/deberta-v3-base,148.97243452072144,726.3270950317383
MLP,"{'activation': 'relu', 'alpha': 0.0001, 'batch_size': 'auto', 'beta_1': 0.9, 'beta_2': 0.999, 'early_stopping': False, 'epsilon': 1e-08, 'hidden_layer_sizes': (400, 200, 100, 50), 'learning_rate': 'constant', 'learning_rate_init': 0.001, 'max_fun': 15000, 'max_iter': 200, 'momentum': 0.9, 'n_iter_no_change': 10, 'nesterovs_momentum': True, 'power_t': 0.5, 'random_state': None, 'shuffle': True, 'solver': 'adam', 'tol': 0.0001, 'validation_fraction': 0.1, 'verbose': False, 'warm_start': False}",0.8567970956030657,0.8567970956030657,0.6525475838635216,0.8518231951515891,512.2488431930542,microsoft/deberta-v3-base,148.97243452072144,661.2212777137756
XGBoost,"{'objective': 'multi:softprob', 'base_score': None, 'booster': None, 'callbacks': None, 'colsample_bylevel': None, 'colsample_bynode': None, 'colsample_bytree': None, 'device': 'cuda', 'early_stopping_rounds': None, 'enable_categorical': False, 'eval_metric': 'logloss', 'feature_types': None, 'gamma': None, 'grow_policy': None, 'importance_type': None, 'interaction_constraints': None, 'learning_rate': 0.25, 'max_bin': None, 'max_cat_threshold': None, 'max_cat_to_onehot': None, 'max_delta_step': None, 'max_depth': 5, 'max_leaves': None, 'min_child_weight': None, 'missing': nan, 'monotone_constraints': None, 'multi_strategy': None, 'n_estimators': 150, 'n_jobs': None, 'num_parallel_tree': None, 'random_state': None, 'reg_alpha': None, 'reg_lambda': None, 'sampling_method': 'gradient_based', 'scale_pos_weight': None, 'subsample': 0.33, 'tree_method': None, 'validate_parameters': None, 'verbosity': None}",0.8539733763614361,0.8539733763614361,0.5656078721969652,0.8304026723747132,25.711690425872803,microsoft/deberta-v3-base,148.97243452072144,174.68412494659424
LogisticRegression,"{'C': 0.1, 'class_weight': None, 'dual': False, 'fit_intercept': True, 'intercept_scaling': 1, 'l1_ratio': None, 'max_iter': 400, 'multi_class': 'auto', 'n_jobs': -1, 'penalty': 'l2', 'random_state': None, 'solver': 'saga', 'tol': 0.0001, 'verbose': 0, 'warm_start': False}",0.8926986688180718,0.8926986688180718,0.6483742173013863,0.877338262083073,719.5794236660004,microsoft/deberta-v3-large,440.31079745292664,1159.890221118927
KNN,"{'algorithm': 'auto', 'leaf_size': 30, 'metric': 'minkowski', 'metric_params': None, 'n_jobs': -1, 'n_neighbors': 5, 'p': 1, 'weights': 'distance'}",0.8172650262202501,0.8172650262202501,0.4593862811407368,0.7748669455782891,51.59045672416687,microsoft/deberta-v3-large,440.31079745292664,491.9012541770935
SVM,"{'C': 10, 'break_ties': False, 'cache_size': 1800, 'class_weight': None, 'coef0': 0.0, 'decision_function_shape': 'ovr', 'degree': 3, 'gamma': 'scale', 'kernel': 'rbf', 'max_iter': -1, 'probability': False, 'random_state': None, 'shrinking': True, 'tol': 0.001, 'verbose': False}",0.8931020572811618,0.8931020572811618,0.5918194819765097,0.8689812936485622,716.8362963199615,microsoft/deberta-v3-large,440.31079745292664,1157.1470937728882
MLP,"{'activation': 'relu', 'alpha': 0.001, 'batch_size': 'auto', 'beta_1': 0.9, 'beta_2': 0.999, 'early_stopping': False, 'epsilon': 1e-08, 'hidden_layer_sizes': (200, 150, 100, 50), 'learning_rate': 'constant', 'learning_rate_init': 0.001, 'max_fun': 15000, 'max_iter': 200, 'momentum': 0.9, 'n_iter_no_change': 10, 'nesterovs_momentum': True, 'power_t': 0.5, 'random_state': None, 'shuffle': True, 'solver': 'adam', 'tol': 0.0001, 'validation_fraction': 0.1, 'verbose': False, 'warm_start': False}",0.8793868495361032,0.8793868495361032,0.6352735748190034,0.8668994310555512,459.71047282218933,microsoft/deberta-v3-large,440.31079745292664,900.021270275116
XGBoost,"{'objective': 'multi:softprob', 'base_score': None, 'booster': None, 'callbacks': None, 'colsample_bylevel': None, 'colsample_bynode': None, 'colsample_bytree': None, 'device': 'cuda', 'early_stopping_rounds': None, 'enable_categorical': False, 'eval_metric': 'logloss', 'feature_types': None, 'gamma': None, 'grow_policy': None, 'importance_type': None, 'interaction_constraints': None, 'learning_rate': 0.5, 'max_bin': None, 'max_cat_threshold': None, 'max_cat_to_onehot': None, 'max_delta_step': None, 'max_depth': 5, 'max_leaves': None, 'min_child_weight': None, 'missing': nan, 'monotone_constraints': None, 'multi_strategy': None, 'n_estimators': 100, 'n_jobs': None, 'num_parallel_tree': None, 'random_state': None, 'reg_alpha': None, 'reg_lambda': None, 'sampling_method': 'gradient_based', 'scale_pos_weight': None, 'subsample': 0.33, 'tree_method': None, 'validate_parameters': None, 'verbosity': None}",0.8628479225494151,0.8628479225494151,0.5874304139588987,0.8416901435338137,31.55476689338684,microsoft/deberta-v3-large,440.31079745292664,471.8655643463135
LogisticRegression,"{'C': 0.1, 'class_weight': None, 'dual': False, 'fit_intercept': True, 'intercept_scaling': 1, 'l1_ratio': None, 'max_iter': 400, 'multi_class': 'auto', 'n_jobs': -1, 'penalty': 'l2', 'random_state': None, 'solver': 'saga', 'tol': 0.0001, 'verbose': 0, 'warm_start': False}",0.9003630496167809,0.9003630496167809,0.7299898551796158,0.8946470919163326,624.8884451389313,Alibaba-NLP/gte-base-en-v1.5,141.7684576511383,766.6569027900696
KNN,"{'algorithm': 'auto', 'leaf_size': 30, 'metric': 'minkowski', 'metric_params': None, 'n_jobs': -1, 'n_neighbors': 5, 'p': 2, 'weights': 'distance'}",0.8576038725292456,0.8576038725292456,0.6267889852025419,0.8417374810324826,33.16704797744751,Alibaba-NLP/gte-base-en-v1.5,141.7684576511383,174.93550562858582
SVM,"{'C': 1, 'break_ties': False, 'cache_size': 1800, 'class_weight': None, 'coef0': 0.0, 'decision_function_shape': 'ovr', 'degree': 3, 'gamma': 'scale', 'kernel': 'rbf', 'max_iter': -1, 'probability': False, 'random_state': None, 'shrinking': True, 'tol': 0.001, 'verbose': False}",0.9023799919322307,0.9023799919322307,0.6209404210250534,0.880407518294405,504.5734131336212,Alibaba-NLP/gte-base-en-v1.5,141.7684576511383,646.3418707847595
MLP,"{'activation': 'relu', 'alpha': 0.0001, 'batch_size': 'auto', 'beta_1': 0.9, 'beta_2': 0.999, 'early_stopping': False, 'epsilon': 1e-08, 'hidden_layer_sizes': (400, 200, 100, 50), 'learning_rate': 'constant', 'learning_rate_init': 0.001, 'max_fun': 15000, 'max_iter': 200, 'momentum': 0.9, 'n_iter_no_change': 10, 'nesterovs_momentum': True, 'power_t': 0.5, 'random_state': None, 'shuffle': True, 'solver': 'adam', 'tol': 0.0001, 'validation_fraction': 0.1, 'verbose': False, 'warm_start': False}",0.8834207341670028,0.8834207341670028,0.7053873875180939,0.8804994808113884,181.17800116539001,Alibaba-NLP/gte-base-en-v1.5,141.7684576511383,322.9464588165283
XGBoost,"{'objective': 'multi:softprob', 'base_score': None, 'booster': None, 'callbacks': None, 'colsample_bylevel': None, 'colsample_bynode': None, 'colsample_bytree': None, 'device': 'cuda', 'early_stopping_rounds': None, 'enable_categorical': False, 'eval_metric': 'logloss', 'feature_types': None, 'gamma': None, 'grow_policy': None, 'importance_type': None, 'interaction_constraints': None, 'learning_rate': 0.25, 'max_bin': None, 'max_cat_threshold': None, 'max_cat_to_onehot': None, 'max_delta_step': None, 'max_depth': 5, 'max_leaves': None, 'min_child_weight': None, 'missing': nan, 'monotone_constraints': None, 'multi_strategy': None, 'n_estimators': 150, 'n_jobs': None, 'num_parallel_tree': None, 'random_state': None, 'reg_alpha': None, 'reg_lambda': None, 'sampling_method': 'gradient_based', 'scale_pos_weight': None, 'subsample': 0.33, 'tree_method': None, 'validate_parameters': None, 'verbosity': None}",0.890278338039532,0.890278338039532,0.6741164795848734,0.8790713089891963,24.477144956588745,Alibaba-NLP/gte-base-en-v1.5,141.7684576511383,166.24560260772705
LogisticRegression,"{'C': 0.1, 'class_weight': None, 'dual': False, 'fit_intercept': True, 'intercept_scaling': 1, 'l1_ratio': None, 'max_iter': 400, 'multi_class': 'auto', 'n_jobs': -1, 'penalty': 'l2', 'random_state': None, 'solver': 'saga', 'tol': 0.0001, 'verbose': 0, 'warm_start': False}",0.9056070996369504,0.9056070996369504,0.7309570121962577,0.899685201919385,823.7054576873779,Alibaba-NLP/gte-large-en-v1.5,459.8718843460083,1283.5773420333862
KNN,"{'algorithm': 'auto', 'leaf_size': 30, 'metric': 'minkowski', 'metric_params': None, 'n_jobs': -1, 'n_neighbors': 5, 'p': 1, 'weights': 'uniform'}",0.8688987494957644,0.8688987494957644,0.6708065192744707,0.8605688077395511,64.2330310344696,Alibaba-NLP/gte-large-en-v1.5,459.8718843460083,524.1049153804779
SVM,"{'C': 10, 'break_ties': False, 'cache_size': 1800, 'class_weight': None, 'coef0': 0.0, 'decision_function_shape': 'ovr', 'degree': 3, 'gamma': 'scale', 'kernel': 'rbf', 'max_iter': -1, 'probability': False, 'random_state': None, 'shrinking': True, 'tol': 0.001, 'verbose': False}",0.9092375958047599,0.9092375958047599,0.729796756741223,0.9023363135745108,577.7750072479248,Alibaba-NLP/gte-large-en-v1.5,459.8718843460083,1037.646891593933
MLP,"{'activation': 'relu', 'alpha': 0.0001, 'batch_size': 'auto', 'beta_1': 0.9, 'beta_2': 0.999, 'early_stopping': False, 'epsilon': 1e-08, 'hidden_layer_sizes': (200, 150, 100, 50), 'learning_rate': 'constant', 'learning_rate_init': 0.001, 'max_fun': 15000, 'max_iter': 200, 'momentum': 0.9, 'n_iter_no_change': 10, 'nesterovs_momentum': True, 'power_t': 0.5, 'random_state': None, 'shuffle': True, 'solver': 'adam', 'tol': 0.0001, 'validation_fraction': 0.1, 'verbose': False, 'warm_start': False}",0.8890681726502622,0.8890681726502622,0.6804785901234981,0.8832769966507118,223.81800961494446,Alibaba-NLP/gte-large-en-v1.5,459.8718843460083,683.6898939609528
XGBoost,"{'objective': 'multi:softprob', 'base_score': None, 'booster': None, 'callbacks': None, 'colsample_bylevel': None, 'colsample_bynode': None, 'colsample_bytree': None, 'device': 'cuda', 'early_stopping_rounds': None, 'enable_categorical': False, 'eval_metric': 'logloss', 'feature_types': None, 'gamma': None, 'grow_policy': None, 'importance_type': None, 'interaction_constraints': None, 'learning_rate': 0.25, 'max_bin': None, 'max_cat_threshold': None, 'max_cat_to_onehot': None, 'max_delta_step': None, 'max_depth': 5, 'max_leaves': None, 'min_child_weight': None, 'missing': nan, 'monotone_constraints': None, 'multi_strategy': None, 'n_estimators': 150, 'n_jobs': None, 'num_parallel_tree': None, 'random_state': None, 'reg_alpha': None, 'reg_lambda': None, 'sampling_method': 'gradient_based', 'scale_pos_weight': None, 'subsample': 0.33, 'tree_method': None, 'validate_parameters': None, 'verbosity': None}",0.899556272690601,0.899556272690601,0.701766249190832,0.8906466477656582,28.766624450683594,Alibaba-NLP/gte-large-en-v1.5,459.8718843460083,488.6385087966919
LogisticRegression,"{'C': 0.1, 'class_weight': None, 'dual': False, 'fit_intercept': True, 'intercept_scaling': 1, 'l1_ratio': None, 'max_iter': 400, 'multi_class': 'auto', 'n_jobs': -1, 'penalty': 'l2', 'random_state': None, 'solver': 'saga', 'tol': 0.0001, 'verbose': 0, 'warm_start': False}",0.8527632109721662,0.8527632109721662,0.6154971487865466,0.8403298817632104,618.6894083023071,xlnet/xlnet-base-cased,339.36207270622253,958.0514810085297
KNN,"{'algorithm': 'auto', 'leaf_size': 30, 'metric': 'minkowski', 'metric_params': None, 'n_jobs': -1, 'n_neighbors': 9, 'p': 1, 'weights': 'uniform'}",0.8027430415490117,0.8027430415490117,0.413490401746724,0.7444579969136775,47.637197494506836,xlnet/xlnet-base-cased,339.36207270622253,386.99927020072937
SVM,"{'C': 100, 'break_ties': False, 'cache_size': 1800, 'class_weight': None, 'coef0': 0.0, 'decision_function_shape': 'ovr', 'degree': 3, 'gamma': 'scale', 'kernel': 'rbf', 'max_iter': -1, 'probability': False, 'random_state': None, 'shrinking': True, 'tol': 0.001, 'verbose': False}",0.8572004840661557,0.8572004840661557,0.5615598718984732,0.8350104945823099,602.7790682315826,xlnet/xlnet-base-cased,339.36207270622253,942.1411409378052
MLP,"{'activation': 'relu', 'alpha': 0.001, 'batch_size': 'auto', 'beta_1': 0.9, 'beta_2': 0.999, 'early_stopping': False, 'epsilon': 1e-08, 'hidden_layer_sizes': (400, 200, 100, 50), 'learning_rate': 'constant', 'learning_rate_init': 0.001, 'max_fun': 15000, 'max_iter': 200, 'momentum': 0.9, 'n_iter_no_change': 10, 'nesterovs_momentum': True, 'power_t': 0.5, 'random_state': None, 'shuffle': True, 'solver': 'adam', 'tol': 0.0001, 'validation_fraction': 0.1, 'verbose': False, 'warm_start': False}",0.8402581686163776,0.8402581686163776,0.5923359872358092,0.8291538439399554,263.0016977787018,xlnet/xlnet-base-cased,339.36207270622253,602.3637704849243
XGBoost,"{'objective': 'multi:softprob', 'base_score': None, 'booster': None, 'callbacks': None, 'colsample_bylevel': None, 'colsample_bynode': None, 'colsample_bytree': None, 'device': 'cuda', 'early_stopping_rounds': None, 'enable_categorical': False, 'eval_metric': 'logloss', 'feature_types': None, 'gamma': None, 'grow_policy': None, 'importance_type': None, 'interaction_constraints': None, 'learning_rate': 0.25, 'max_bin': None, 'max_cat_threshold': None, 'max_cat_to_onehot': None, 'max_delta_step': None, 'max_depth': 5, 'max_leaves': None, 'min_child_weight': None, 'missing': nan, 'monotone_constraints': None, 'multi_strategy': None, 'n_estimators': 100, 'n_jobs': None, 'num_parallel_tree': None, 'random_state': None, 'reg_alpha': None, 'reg_lambda': None, 'sampling_method': 'gradient_based', 'scale_pos_weight': None, 'subsample': 0.33, 'tree_method': None, 'validate_parameters': None, 'verbosity': None}",0.8410649455425575,0.8410649455425575,0.5348243252632351,0.8135889189229485,25.895983457565308,xlnet/xlnet-base-cased,339.36207270622253,365.25805616378784
LogisticRegression,"{'C': 0.1, 'class_weight': None, 'dual': False, 'fit_intercept': True, 'intercept_scaling': 1, 'l1_ratio': None, 'max_iter': 400, 'multi_class': 'auto', 'n_jobs': -1, 'penalty': 'l2', 'random_state': None, 'solver': 'saga', 'tol': 0.0001, 'verbose': 0, 'warm_start': False}",0.8374344493747479,0.8374344493747479,0.5602394796617904,0.8191512559323686,817.0310525894165,xlnet/xlnet-large-cased,965.546462059021,1782.5775146484375
KNN,"{'algorithm': 'auto', 'leaf_size': 30, 'metric': 'minkowski', 'metric_params': None, 'n_jobs': -1, 'n_neighbors': 7, 'p': 1, 'weights': 'distance'}",0.7938684953610327,0.7938684953610327,0.39193918124032107,0.7323288227504617,51.24606108665466,xlnet/xlnet-large-cased,965.546462059021,1016.7925231456757
SVM,"{'C': 100, 'break_ties': False, 'cache_size': 1800, 'class_weight': None, 'coef0': 0.0, 'decision_function_shape': 'ovr', 'degree': 3, 'gamma': 'scale', 'kernel': 'rbf', 'max_iter': -1, 'probability': False, 'random_state': None, 'shrinking': True, 'tol': 0.001, 'verbose': False}",0.8430818878580073,0.8430818878580073,0.5357831409262328,0.8182659408415663,869.1962130069733,xlnet/xlnet-large-cased,965.546462059021,1834.7426750659943
MLP,"{'activation': 'relu', 'alpha': 0.001, 'batch_size': 'auto', 'beta_1': 0.9, 'beta_2': 0.999, 'early_stopping': False, 'epsilon': 1e-08, 'hidden_layer_sizes': (200, 150, 100, 50), 'learning_rate': 'constant', 'learning_rate_init': 0.001, 'max_fun': 15000, 'max_iter': 200, 'momentum': 0.9, 'n_iter_no_change': 10, 'nesterovs_momentum': True, 'power_t': 0.5, 'random_state': None, 'shuffle': True, 'solver': 'adam', 'tol': 0.0001, 'validation_fraction': 0.1, 'verbose': False, 'warm_start': False}",0.8108108108108109,0.8108108108108109,0.5425251177348637,0.7961552978207368,447.64905762672424,xlnet/xlnet-large-cased,965.546462059021,1413.1955196857452
XGBoost,"{'objective': 'multi:softprob', 'base_score': None, 'booster': None, 'callbacks': None, 'colsample_bylevel': None, 'colsample_bynode': None, 'colsample_bytree': None, 'device': 'cuda', 'early_stopping_rounds': None, 'enable_categorical': False, 'eval_metric': 'logloss', 'feature_types': None, 'gamma': None, 'grow_policy': None, 'importance_type': None, 'interaction_constraints': None, 'learning_rate': 0.25, 'max_bin': None, 'max_cat_threshold': None, 'max_cat_to_onehot': None, 'max_delta_step': None, 'max_depth': 5, 'max_leaves': None, 'min_child_weight': None, 'missing': nan, 'monotone_constraints': None, 'multi_strategy': None, 'n_estimators': 150, 'n_jobs': None, 'num_parallel_tree': None, 'random_state': None, 'reg_alpha': None, 'reg_lambda': None, 'sampling_method': 'gradient_based', 'scale_pos_weight': None, 'subsample': 0.33, 'tree_method': None, 'validate_parameters': None, 'verbosity': None}",0.8317870108914885,0.8317870108914885,0.5102803082235169,0.801169025829625,33.170278549194336,xlnet/xlnet-large-cased,965.546462059021,998.7167406082153
LogisticRegression,"{'C': 0.1, 'class_weight': None, 'dual': False, 'fit_intercept': True, 'intercept_scaling': 1, 'l1_ratio': None, 'max_iter': 400, 'multi_class': 'auto', 'n_jobs': -1, 'penalty': 'l2', 'random_state': None, 'solver': 'saga', 'tol': 0.0001, 'verbose': 0, 'warm_start': False}",0.899152884227511,0.899152884227511,0.7080998278993761,0.8900429068262687,289.8969225883484,intfloat/e5-small-v2,42.023520708084106,331.9204432964325
KNN,"{'algorithm': 'auto', 'leaf_size': 30, 'metric': 'minkowski', 'metric_params': None, 'n_jobs': -1, 'n_neighbors': 5, 'p': 2, 'weights': 'uniform'}",0.8680919725695845,0.8680919725695845,0.6470960600919303,0.8563988290487835,16.862201690673828,intfloat/e5-small-v2,42.023520708084106,58.885722398757935
SVM,"{'C': 10, 'break_ties': False, 'cache_size': 1800, 'class_weight': None, 'coef0': 0.0, 'decision_function_shape': 'ovr', 'degree': 3, 'gamma': 'scale', 'kernel': 'rbf', 'max_iter': -1, 'probability': False, 'random_state': None, 'shrinking': True, 'tol': 0.001, 'verbose': False}",0.9072206534893102,0.9072206534893102,0.7034742135765154,0.8955201303390028,226.01862812042236,intfloat/e5-small-v2,42.023520708084106,268.04214882850647
MLP,"{'activation': 'relu', 'alpha': 0.0001, 'batch_size': 'auto', 'beta_1': 0.9, 'beta_2': 0.999, 'early_stopping': False, 'epsilon': 1e-08, 'hidden_layer_sizes': (400, 200, 100, 50), 'learning_rate': 'constant', 'learning_rate_init': 0.001, 'max_fun': 15000, 'max_iter': 200, 'momentum': 0.9, 'n_iter_no_change': 10, 'nesterovs_momentum': True, 'power_t': 0.5, 'random_state': None, 'shuffle': True, 'solver': 'adam', 'tol': 0.0001, 'validation_fraction': 0.1, 'verbose': False, 'warm_start': False}",0.8838241226300928,0.8838241226300928,0.7086135598799531,0.8803244856979504,238.16038703918457,intfloat/e5-small-v2,42.023520708084106,280.1839077472687
XGBoost,"{'objective': 'multi:softprob', 'base_score': None, 'booster': None, 'callbacks': None, 'colsample_bylevel': None, 'colsample_bynode': None, 'colsample_bytree': None, 'device': 'cuda', 'early_stopping_rounds': None, 'enable_categorical': False, 'eval_metric': 'logloss', 'feature_types': None, 'gamma': None, 'grow_policy': None, 'importance_type': None, 'interaction_constraints': None, 'learning_rate': 0.25, 'max_bin': None, 'max_cat_threshold': None, 'max_cat_to_onehot': None, 'max_delta_step': None, 'max_depth': 5, 'max_leaves': None, 'min_child_weight': None, 'missing': nan, 'monotone_constraints': None, 'multi_strategy': None, 'n_estimators': 150, 'n_jobs': None, 'num_parallel_tree': None, 'random_state': None, 'reg_alpha': None, 'reg_lambda': None, 'sampling_method': 'gradient_based', 'scale_pos_weight': None, 'subsample': 0.33, 'tree_method': None, 'validate_parameters': None, 'verbosity': None}",0.8926986688180718,0.8926986688180718,0.6655583624396898,0.8796235679108833,16.30184268951416,intfloat/e5-small-v2,42.023520708084106,58.32536339759827
LogisticRegression,"{'C': 0.1, 'class_weight': None, 'dual': False, 'fit_intercept': True, 'intercept_scaling': 1, 'l1_ratio': None, 'max_iter': 400, 'multi_class': 'auto', 'n_jobs': -1, 'penalty': 'l2', 'random_state': None, 'solver': 'saga', 'tol': 0.0001, 'verbose': 0, 'warm_start': False}",0.8983461073013311,0.8983461073013311,0.7162895755570994,0.8926865462958541,617.028347492218,intfloat/e5-base-v2,106.77649521827698,723.804842710495
KNN,"{'algorithm': 'auto', 'leaf_size': 30, 'metric': 'minkowski', 'metric_params': None, 'n_jobs': -1, 'n_neighbors': 7, 'p': 2, 'weights': 'uniform'}",0.8693021379588544,0.8693021379588544,0.6589525758911483,0.8576169869773344,33.22625136375427,intfloat/e5-base-v2,106.77649521827698,140.00274658203125
SVM,"{'C': 10, 'break_ties': False, 'cache_size': 1800, 'class_weight': None, 'coef0': 0.0, 'decision_function_shape': 'ovr', 'degree': 3, 'gamma': 'scale', 'kernel': 'rbf', 'max_iter': -1, 'probability': False, 'random_state': None, 'shrinking': True, 'tol': 0.001, 'verbose': False}",0.9052037111738604,0.9052037111738604,0.7103327196210562,0.8972004221492108,436.9370274543762,intfloat/e5-base-v2,106.77649521827698,543.7135226726532
MLP,"{'activation': 'relu', 'alpha': 0.001, 'batch_size': 'auto', 'beta_1': 0.9, 'beta_2': 0.999, 'early_stopping': False, 'epsilon': 1e-08, 'hidden_layer_sizes': (200, 150, 100, 50), 'learning_rate': 'constant', 'learning_rate_init': 0.001, 'max_fun': 15000, 'max_iter': 200, 'momentum': 0.9, 'n_iter_no_change': 10, 'nesterovs_momentum': True, 'power_t': 0.5, 'random_state': None, 'shuffle': True, 'solver': 'adam', 'tol': 0.0001, 'validation_fraction': 0.1, 'verbose': False, 'warm_start': False}",0.8781766841468334,0.8781766841468334,0.699152998674121,0.8783761560498151,398.3533296585083,intfloat/e5-base-v2,106.77649521827698,505.1298248767853
XGBoost,"{'objective': 'multi:softprob', 'base_score': None, 'booster': None, 'callbacks': None, 'colsample_bylevel': None, 'colsample_bynode': None, 'colsample_bytree': None, 'device': 'cuda', 'early_stopping_rounds': None, 'enable_categorical': False, 'eval_metric': 'logloss', 'feature_types': None, 'gamma': None, 'grow_policy': None, 'importance_type': None, 'interaction_constraints': None, 'learning_rate': 0.5, 'max_bin': None, 'max_cat_threshold': None, 'max_cat_to_onehot': None, 'max_delta_step': None, 'max_depth': 5, 'max_leaves': None, 'min_child_weight': None, 'missing': nan, 'monotone_constraints': None, 'multi_strategy': None, 'n_estimators': 150, 'n_jobs': None, 'num_parallel_tree': None, 'random_state': None, 'reg_alpha': None, 'reg_lambda': None, 'sampling_method': 'gradient_based', 'scale_pos_weight': None, 'subsample': 0.33, 'tree_method': None, 'validate_parameters': None, 'verbosity': None}",0.8890681726502622,0.8890681726502622,0.6740822259000229,0.8777456488701847,24.43777084350586,intfloat/e5-base-v2,106.77649521827698,131.21426606178284
LogisticRegression,"{'C': 0.1, 'class_weight': None, 'dual': False, 'fit_intercept': True, 'intercept_scaling': 1, 'l1_ratio': None, 'max_iter': 400, 'multi_class': 'auto', 'n_jobs': -1, 'penalty': 'l2', 'random_state': None, 'solver': 'saga', 'tol': 0.0001, 'verbose': 0, 'warm_start': False}",0.9080274304154902,0.9080274304154902,0.7351777411169979,0.9034212635230421,821.0467736721039,intfloat/e5-large-v2,334.76533365249634,1155.8121073246002
KNN,"{'algorithm': 'auto', 'leaf_size': 30, 'metric': 'minkowski', 'metric_params': None, 'n_jobs': -1, 'n_neighbors': 5, 'p': 1, 'weights': 'uniform'}",0.8600242033077854,0.8600242033077854,0.633961932422828,0.8471043707364488,63.90322947502136,intfloat/e5-large-v2,334.76533365249634,398.6685631275177
SVM,"{'C': 10, 'break_ties': False, 'cache_size': 1800, 'class_weight': None, 'coef0': 0.0, 'decision_function_shape': 'ovr', 'degree': 3, 'gamma': 'scale', 'kernel': 'rbf', 'max_iter': -1, 'probability': False, 'random_state': None, 'shrinking': True, 'tol': 0.001, 'verbose': False}",0.9084308188785801,0.9084308188785801,0.7316756802463295,0.902449655148475,592.1806600093842,intfloat/e5-large-v2,334.76533365249634,926.9459936618805
MLP,"{'activation': 'relu', 'alpha': 0.0001, 'batch_size': 'auto', 'beta_1': 0.9, 'beta_2': 0.999, 'early_stopping': False, 'epsilon': 1e-08, 'hidden_layer_sizes': (400, 200, 100, 50), 'learning_rate': 'constant', 'learning_rate_init': 0.001, 'max_fun': 15000, 'max_iter': 200, 'momentum': 0.9, 'n_iter_no_change': 10, 'nesterovs_momentum': True, 'power_t': 0.5, 'random_state': None, 'shuffle': True, 'solver': 'adam', 'tol': 0.0001, 'validation_fraction': 0.1, 'verbose': False, 'warm_start': False}",0.8894715611133521,0.8894715611133521,0.6901802132352279,0.8854492114388736,375.7528955936432,intfloat/e5-large-v2,334.76533365249634,710.5182292461395
XGBoost,"{'objective': 'multi:softprob', 'base_score': None, 'booster': None, 'callbacks': None, 'colsample_bylevel': None, 'colsample_bynode': None, 'colsample_bytree': None, 'device': 'cuda', 'early_stopping_rounds': None, 'enable_categorical': False, 'eval_metric': 'logloss', 'feature_types': None, 'gamma': None, 'grow_policy': None, 'importance_type': None, 'interaction_constraints': None, 'learning_rate': 0.5, 'max_bin': None, 'max_cat_threshold': None, 'max_cat_to_onehot': None, 'max_delta_step': None, 'max_depth': 5, 'max_leaves': None, 'min_child_weight': None, 'missing': nan, 'monotone_constraints': None, 'multi_strategy': None, 'n_estimators': 150, 'n_jobs': None, 'num_parallel_tree': None, 'random_state': None, 'reg_alpha': None, 'reg_lambda': None, 'sampling_method': 'gradient_based', 'scale_pos_weight': None, 'subsample': 0.33, 'tree_method': None, 'validate_parameters': None, 'verbosity': None}",0.8971359419120614,0.8971359419120614,0.693323093150794,0.8874257434285897,29.67438840866089,intfloat/e5-large-v2,334.76533365249634,364.4397220611572
